Features,count,mean,std,min,1%,5%,50%,95%,99%,max,%Missing
P_2,268249,0.653898978,0.240681611,-0.384236474,0.028478597,0.233666091,0.686044704,0.974598694,1.005737323,1.009999279,0.003691832
B_17,147759,0.681197867,0.41511408,1.20E-06,0.000451479,0.002200535,0.939358382,1.008599152,1.009725472,1.009999966,0.451205788
D_53,87144,0.073555886,0.189549463,1.13E-07,0.000265573,0.001352976,0.014076923,0.341666014,0.923819381,6.171899468,0.676336989
S_3,236579,0.229210934,0.192048011,-0.542051763,0.009203734,0.065625305,0.166853326,0.605525588,1.007797016,4.882418109,0.121317917
B_4,269243,0.16828405,0.21704639,2.80E-07,0.000721955,0.003580384,0.080901398,0.608496548,0.980752651,3.591950751,0